{"_timestamp": 1605818657.6296957, "_step": 5399, "value_loss": 0.03748883679509163, "_runtime": 140.6651258468628, "action_loss": 0.04621836543083191, "dist_entropy": 1.7869033813476562}
