{"num_steps": 1980880, "_runtime": 780.9226920604706, "_step": 7376, "_timestamp": 1605819562.0182343, "fps": 2550, "mean_reward": 3.5}
